mode,independent_reference,numpy_eigenvalue_real,numpy_eigenvalue_imag,scipy_eigenvalue_real,scipy_eigenvalue_imag,numpy_right_backward_error,scipy_right_backward_error,scipy_left_backward_error,numpy_scipy_right_vector_overlap_abs,scipy_left_right_inner_product_abs,scipy_simple_eigenvalue_condition_estimate
1,8.49999999999999756e-01,8.50000000000000422e-01,0.00000000000000000e+00,8.50000000000000422e-01,0.00000000000000000e+00,3.41554692169721532e-16,3.41554692169721532e-16,2.71459612639117591e-16,1.00000000000000022e+00,9.99999967264846745e-01,1.00000003273515436e+00
2,1.58810231021751999e-02,1.58810231021752693e-02,0.00000000000000000e+00,1.58810231021752693e-02,0.00000000000000000e+00,1.01757157000284798e-17,1.01757157000284798e-17,1.96438720544822182e-17,1.00000000000000022e+00,9.99999676909161250e-01,1.00000032309094311e+00
3,2.96956870293799992e-04,2.96956870293829970e-04,0.00000000000000000e+00,2.96956870293829970e-04,0.00000000000000000e+00,9.78995527519523604e-18,9.78995527519523604e-18,1.84673705155890254e-16,9.99999999999999778e-01,9.99998369073368143e-01,1.00000163092929184e+00
4,5.55802595153249890e-06,5.55802595153250313e-06,0.00000000000000000e+00,5.55802595153250313e-06,0.00000000000000000e+00,1.23184515403519233e-18,1.23184515403519233e-18,5.38364640784974416e-18,1.00000000000000000e+00,9.99993515317817550e-01,1.00000648472423381e+00
5,1.04138472009659174e-07,1.04138472009659280e-07,0.00000000000000000e+00,1.04138472009659280e-07,0.00000000000000000e+00,3.13679385240526505e-19,3.13679385240526505e-19,1.13776819855051807e-19,1.00000000000000044e+00,9.99977855895730516e-01,1.00002214459464178e+00
6,1.95347685007666019e-09,1.95347685007660353e-09,0.00000000000000000e+00,1.95347685007660353e-09,0.00000000000000000e+00,1.72088511667061688e-20,1.72088511667061688e-20,8.99483963737475601e-20,1.00000000000000000e+00,9.99933205153300197e-01,1.00006679930854947e+00
7,3.66896743942381612e-11,3.66896743942344776e-11,0.00000000000000000e+00,3.66896743942344776e-11,0.00000000000000000e+00,2.54453554980122312e-20,2.54453554980122312e-20,3.71264595908286603e-20,1.00000000000000022e+00,9.99819026006323330e-01,1.00018100675119137e+00
8,6.89978943706823081e-13,6.89978943708869727e-13,0.00000000000000000e+00,6.89978943708869727e-13,0.00000000000000000e+00,3.34448355504249763e-21,3.34448355504249763e-21,1.47921395454730134e-21,1.00000000000000000e+00,9.99553141692522851e-01,1.00044705807909362e+00
9,1.29922354551269363e-14,1.29922354555666269e-14,0.00000000000000000e+00,1.29922354555666269e-14,0.00000000000000000e+00,4.13698559555667637e-22,4.13698559555667637e-22,1.05424856568399093e-21,1.00000000000000022e+00,9.98981126769194150e-01,1.00101991239224009e+00
10,2.44942736568087642e-16,2.44942736618209350e-16,0.00000000000000000e+00,2.44942736618209350e-16,0.00000000000000000e+00,5.46799104511513714e-22,5.46799104511513714e-22,2.62955044475064715e-22,1.00000000000000067e+00,9.97829914537181395e-01,1.00217480497548039e+00
11,4.62301321439368843e-18,4.62301321882902420e-18,0.00000000000000000e+00,4.62301321882902420e-18,0.00000000000000000e+00,5.64521186659177766e-23,5.64521186659177766e-23,1.69778675738861611e-23,9.99999999999999889e-01,9.95640024966018111e-01,1.00437906765965002e+00
12,8.73323753251947002e-20,8.73323757151527824e-20,0.00000000000000000e+00,8.73323757151527824e-20,0.00000000000000000e+00,9.47971374582201709e-23,9.47971374582201709e-23,1.11457589957669532e-23,1.00000000000000000e+00,9.91669759344423363e-01,1.00840021648041755e+00
13,1.65072788530362279e-21,1.65072791706287957e-21,0.00000000000000000e+00,1.65072791706287957e-21,0.00000000000000000e+00,2.22181571035396925e-23,2.22181571035396925e-23,2.02487549189088423e-24,1.00000000000000022e+00,9.84764112696753902e-01,1.01547161102522621e+00
14,3.12046468420857885e-23,3.12046473834529057e-23,0.00000000000000000e+00,3.12046473834529057e-23,0.00000000000000000e+00,7.85001606017259522e-23,7.85001606017259522e-23,3.17913171889089037e-25,1.00000000000000022e+00,9.73181016620607409e-01,1.02755806260229177e+00
15,5.89524133703231040e-25,5.89523588269877159e-25,0.00000000000000000e+00,5.89523588269877159e-25,0.00000000000000000e+00,9.88895748661013803e-23,9.88895748661013803e-23,5.11215504041309488e-25,1.00000000000000000e+00,9.54365690472859241e-01,1.04781637686967799e+00
16,1.11184745094909340e-26,1.11183249335855005e-26,0.00000000000000000e+00,1.11183249335855005e-26,0.00000000000000000e+00,4.48265448473338306e-23,4.48265448473338306e-23,1.73439439097467888e-26,9.99999999999999889e-01,9.24696871982683355e-01,1.08143547393629214e+00
17,2.08890497449940456e-28,2.08863826477389360e-28,0.00000000000000000e+00,2.08863826477389360e-28,0.00000000000000000e+00,2.55864087412486607e-23,2.55864087412486607e-23,6.60995989536817210e-27,1.00000000000000044e+00,8.79898311650876730e-01,1.13649496397349248e+00
18,3.88425124131245220e-30,3.88045744858460750e-30,0.00000000000000000e+00,3.88045744858460750e-30,0.00000000000000000e+00,1.13533925212493825e-23,1.13533925212493825e-23,6.75663113834517052e-28,1.00000000000000022e+00,8.20101256003152090e-01,1.21936162477497345e+00
19,6.98100919079478451e-32,6.93441311336567245e-32,0.00000000000000000e+00,6.93441311336567245e-32,0.00000000000000000e+00,3.46796509746863301e-24,3.46796509746863301e-24,4.34719122006246420e-28,1.00000000000000000e+00,7.61676557563575107e-01,1.31289323541578562e+00
20,1.13602754199408719e-33,1.08203192112019474e-33,0.00000000000000000e+00,1.08203192112019474e-33,0.00000000000000000e+00,1.29201732412302622e-24,1.29201732412302622e-24,7.99827060560735987e-29,9.99999999999999889e-01,7.33274728209841409e-01,1.36374534881533482e+00
21,1.50143991152345675e-35,8.86596509202004144e-36,0.00000000000000000e+00,8.86596509202004144e-36,0.00000000000000000e+00,6.21218780403324238e-25,6.21218780403324238e-25,9.82526804534761787e-30,1.00000000000000067e+00,7.63732867590023679e-01,1.30935834037825627e+00
22,1.43521660521835908e-37,1.11691474336243600e-38,0.00000000000000000e+00,1.11691474336243600e-38,0.00000000000000000e+00,1.70615759203430241e-25,1.70615759203430241e-25,1.23374760961664507e-30,1.00000000000000022e+00,8.66804695524030056e-01,1.15366241687863291e+00
23,8.70696519907949673e-40,-3.43865196000350608e-41,0.00000000000000000e+00,-3.43865196000350608e-41,0.00000000000000000e+00,3.77975103853443507e-26,3.77975103853443507e-26,8.89224886681741958e-32,1.00000000000000067e+00,9.55014599957779264e-01,1.04710441080608563e+00
24,2.52714192282934042e-42,-1.17878567648230664e-36,0.00000000000000000e+00,-1.17878567648230664e-36,0.00000000000000000e+00,7.06999340317872092e-25,7.06999340317872092e-25,6.38478525183211420e-30,1.00000000000000022e+00,8.84441355294651621e-01,1.13065721544290532e+00
