component,mode_1,mode_2,mode_3,mode_4,mode_5,mode_6,mode_7,mode_8,mode_9,mode_10,mode_11,mode_12,mode_13,mode_14,mode_15,mode_16,mode_17,mode_18,mode_19,mode_20,mode_21,mode_22,mode_23,mode_24
1,0.993929919220106080270547211578264759023137931742985481878497,-0.109375389561351490874991274592312978604317777221943431400898,0.0120545240312462747678969020289904372241653334786679074087681,-0.0013335376249671659178349926678879108802967710293016117477753,0.000148394300066167979209204632946375064659268526138522101802299,-0.0000166444538116825809479045398517421861601987468188548439260749,0.00000188528299903305164916449111567092693107193440712333767959553,-0.000000216004801262597826965115448948082760022283714901484609589303,-0.0000000250695959964118627573763291325739136133957817899941652611443,0.00000000295065875149796338277552720239030625079684303002079450956358,-0.000000000352470521193853089823059258776479742366912943261572983809281,0.0000000000427498701185307850114397852420463924915694214483817545687682,0.00000000000526423908903683617281029703938445522021092513981626101142759,-0.000000000000657772910056172552603252083786866536885272509582966751728455,0.0000000000000832972037415856124936376376771045501379531098128285767051343,-0.0000000000000106690029555699550386061477751827511126114806114009301688755,-0.00000000000000137762990682872231671176035978761803230386538763992862257581,0.000000000000000178135448381180825280869518808564196408496441542617906661027,-0.0000000000000000226455644290728549604397705736479099408470406994375672170092,0.00000000000000000270904496355299178000586714881012603362298231246739969685554,-0.000000000000000000286334644454860891726818768389880033750731970834232668737748,2.52489473064288763907059191303174128631173203022066158064093e-20,-1.74403190781497301150624936705942994993947364195211963530987e-21,-8.17344874467437538890554547341219594640295160374888471080309e-23
2,0.109362166041924898366464954863254259195771542270677228435418,0.969641159487276424372760261988138968375902169362891297845837,-0.215858445935142841622815255995531719007818894565780995488877,0.0360013735195963438863097634729381733595869931957357141743082,-0.00535998000590507612343798488004597200452730523678847253405993,0.000753374930194362983175150598030577887699204169059075979928049,-0.00010258925569844094907671487293002536460638706883638571888466,0.0000137318495621113808514103158535211625675606029335578011351843,0.00000182324248622451941776258168846635309705071940484184611854238,-0.000000241601486621989135725839906188443708553592101511968654653205,0.0000000320865439852738152134297623277112258770937316920607272044093,-0.00000000428307562896911636069399517404806110924369717313227778158452,-0.000000000575665842694510296446409997869042848638074811275881601810492,0.0000000000779692141796480778816835891851760358203722783157043717757589,-0.0000000000106404958693753799192559769232465690613396462836595406858562,0.00000000000146146965499326931176285271776906796592404784650523403045691,0.00000000000020150889982711675105451465198475509571972296585039342646622,-0.0000000000000277234676825956197851595838917663609233072212690704132803742,0.00000000000000373915647705819988532823161093242759512508261063026950479939,-0.000000000000000473692626478253499913332289370885527376326020726875419320093,0.0000000000000000529818451547591634370320504777038704746834216327818952361313,-0.00000000000000000494397620199909183350990637073942688951992816690331681133641,0.000000000000000000361493335788648139078812490467615870452333302138539253911666,1.7941236844390317955168352237626237060529573391586923697286e-20
3,0.0118985427701061585374114521636209346749588626033217173048297,0.215751331167245192913516169034103868699749863884422278498373,0.921347919295269582868322606261390922016789527987844970402317,-0.315603159134687151952580377279656799114130448281305963453499,0.0711678753864268271514585654740094263841264698711375291250199,-0.0134083676061695875080675688865448595271266812961643394165753,0.0022900118824512640374983541342722443244108577377781557161618,-0.000368663624661697809607663572531852032950288291745834093120909,-0.0000571972766299776831710321151011358909270589413826090859342448,0.00000867178794023640494161734828051017663861439621523950123744941,-0.00000129671996207836377630549902221492450219548665391754332271776,0.000000192454660515953189250950064544773881681712104670411991054235,0.0000000284709474695710346775431748165325584174715595779982795599022,-0.00000000420939496440673924472271578398861375965104933114613621997498,0.000000000622784853413923528198040403369198861566264432031321226638952,-0.0000000000922010984148058009340258030998804447855832543937746209629509,-0.0000000000136359289770389024202401246720965327785431913441636371877113,0.00000000000200397270321683449534957026666918227625070762640017238085727,-0.000000000000287772267890280321319574307528591440540495170650829320929242,0.0000000000000387317676302391744466942339919017606491737847871247679393834,-0.00000000000000459813223252067306550378983238936998839347624096698545774166,0.000000000000000455348852232413586156118602345181303406466540039105873019474,-0.0000000000000000353379114203049041704310144487540324818406949650740189645556,-0.00000000000000000186199915347285210898374260479723298290297789196569953821809
4,0.00127994625282265411990693851784795656091214371263687527615697,0.0354643477671711185384016659322092167729866612041718574396876,0.315163581098098451610627768836720012090019154065779789854449,0.850057322407187923293068206181718476974563302754313949144136,-0.404811783122467444951965321277864095765654758510565656431551,0.116352649878733202132042985870896735401126282518410703930882,-0.0267145534178686673198405112471108863401609563882324763784348,0.00540164352000097138689721450259121216377600385538081845735533,0.00100871365752024074140703911649117869249194599776869965020954,-0.000178783347100416920424000599377934245706485136975698766410608,0.0000305965947501935729268593867067243271373812833523286312672354,-0.00000511411308502045472215975887911402883461634699495595465403332,-0.000000841365391123624709249303317694422712341327908444020362193653,0.000000136947718208666463767231053832235316581949507049486520706912,-0.0000000221228479703339595833979882113034319244734549891933465353832,0.00000000355169438245463653091195816533423423102510118053532465361234,0.000000000566359964803255024349497650801431769024367902352474458097311,-0.0000000000893163566552633547118974186734181282729984703291243753477145,0.0000000000137111743210410363854365056031348577947560229408827607979827,-0.00000000000196780445337108228400470374900966800713141799392549484735693,0.000000000000248804267520248678518792848668507327603919111232399676173121,-0.0000000000000262312190529301066570386148813498010549611522172826030219456,0.00000000000000216712688557684412512050404441890542518323741981626265045085,0.00000000000000012156788826751564410876718252052676823979092790856740184364
5,0.000136118587987382491760978757133910368790972700168175530807809,0.00511978451319404748854290141331987153835438872095352145369413,0.0698825569922345556045811014647261388323500887292704603435289,0.40362407878080931798389828517947538420965479446958024849263,0.757641372460339564772235619487097255617126332636712746026187,-0.479868313598737923411984728404062054969284698207287314890544,0.169820168310285699497473962789584665593089488316525814937198,-0.0463511787122695956510296611001985171413444933677091024726111,-0.0108935921048984054106290495062352518461714477763236796161822,0.00232662279359210438106768835743001335759615232368905289096915,-0.000465814159478249735051515769466369098814907769761501393155396,0.0000891540624537472940876652747125375519687052035917982012468846,0.0000165252537068448568056953717369041243249025662823522499212938,-0.00000299238584393795758292820374056226268415894644416467348479713,0.00000053236620875849221086074508404619867361858485572852660109868,-0.0000000933539494426348161947396017721342644978141350809506657953117,-0.0000000161496183903751218219498044915610543017815658672211139954249,0.00000000274747273929989708362171277324696389847173896466339545478869,-0.000000000452988187453263001925933204744949744611986018785672280233415,0.0000000000696153758278830989486675632567329852423955287620039654345832,-0.0000000000094107014902711003452207019097816161989213776486349728353424,0.00000000000106009475675462858624997996009975595875131354590696040204434,-0.0000000000000935487249610720200920667914449844227880322484610602864040534,-0.00000000000000560432540347049468588982762943793861140130970352674223477455
6,0.0000143096211690406164884495099476353174002308353990558053295948,0.000685016140861858150044205833697694460196492759911484874725896,0.0127217116810030294593959909767064448471304566775042901910345,0.113720489508780400709521219341084984262721923911115230965246,0.477352744927841286033371973579294893564927344495216210173306,0.646854455079470716528240870764926193989238411070132883328479,-0.537487149774958402937281847291339021315911083243955313790596,0.229311879519229754463059480526053299460766234219230958432596,0.0731503242407455801435043870876988893678567263007090469922223,-0.0197164013343048563614200820823898796018966676803523920910555,0.00476427214692043007159303111718677776928041208756219955620097,-0.00106785531372650488942087869022459694946701472830769157982795,-0.000226816855046319090616628657130178692993433201931811584518645,0.0000463019735018216069000328383358440688823878866745358394205973,-0.00000916903403038830714870844381405976334038416689591764827175093,0.00000177163336028293273668994214258643487415327985048030931985157,0.000000334933910154343497773265882343323873491885700540708311157637,-0.0000000618551515372906990826108287556040300408297579152039300554539,0.0000000110127964760469507521775868922968211327725790670627437300891,-0.00000000182108825387745360156882402452217883064104174869324611363241,0.000000000264370581383259317450184529070050763770418039214062254885983,-0.000000000031950596245695737784214569788613838344495842937361153821373,0.00000000000302308680017123181772393940881516417549350546123797459700955,0.000000000000194095052152071000145438704884727418259228742481240270595802
7,0.00000148690165661448622463264965960413789294145975127786560355493,0.0000869971207946769544794236360279780515951390442849900000856158,0.00205874092076425723567448341681706439359906691374687142121728,0.0251189850162745292639606922843233814146583512036948348838958,0.164920719554440925233407696878157256148914859477146678853798,0.532953256130491074143775733752273884344416587928020500123725,0.521314393489887362340470675261143691383415703506229571461719,-0.57487293153779623825909808737524289641736289227663664552478,-0.292077624834377707590453762223037799879308888634039062349898,0.107618903830130521640953720297613165306518900856775985640565,-0.0329346347947743064862015304180733457978788576444385540215469,0.00892789676596126022402787263692422487830029040923755666122994,0.00222378713310878557903046897812267220190955009165511773157459,-0.000520727703108680546336803248831761728674875126281643799175741,0.000116344114336110183330389894648331946227336031674156407217414,-0.0000250402939661687129929433816322228784617666382816572930588316,-0.00000521980801771052123142438625881022512599444897214753705765264,0.00000105430352008512127199212018779473831646905949808606505910794,-0.000000204005418025859357269173578958799317477203118360369007404837,0.0000000365046430586587007117723238618782913088481736715229575557123,-0.00000000572035913691457794139133372015075333584609233090911838286947,0.000000000745209831107417354915121745356671166217035724313445310264915,-0.0000000000759299683794015699050850392715480820894961411969119992739292,-0.00000000000524552783784175950588065596295872017166448451112082980318657
8,0.000000152700263259268847401599404735435987280720190874951790079072,0.0000106212543642926143393165032643550205438967996727750606873349,0.000307394964846486961684935824780179918361639167572494360625522,0.00478652745980658154172488180353134816026597457117496890879709,0.0430748566488493600912279940571213927986421297726006427987869,0.220831257671093255884027221885205723985136173093745126553614,0.567617502756333005478626509239581696075285148531692946175535,0.385438597643119895763801669196776858381359345020886031626273,0.589885478869525436384250663647405805668322215491388096160032,-0.35493077594394815301391676906258582086311633743304239232759,0.149847027269773723430312904397060438260156598080890227552955,-0.0516756106034224220082615286732618009993103405121819548055578,-0.0156080459058121859782338992435620360686277393669662526775887,0.00429343866553588564247770773698903686661561408866491237628144,-0.00110177967133835769903909359675950386722962813492103997116635,0.000267829338238546460783557477182916601987628928478641866577136,0.0000622485427179490264651693561777212255660417389779960890487022,-0.0000138771624780368118391683140085847323623561428306644307204196,0.00000294087086944934920986344630607149565170913514603480469207835,-0.000000573279672211460958073673008811025801800239497397925940026014,0.000000097553890254311500882555486821759048650450680423391945448392,-0.0000000137741470313070899798651327086759050718061208068865295408214,0.00000000151891257533766102046472265212946008073678675362115774127523,0.000000000113423843579017977051934059668901742845343963009756954135324
9,0.0000000154975479940830813747216791795494747996368041211242637127695,0.00000125601922695153639008821680881047052630588970532420373185089,0.0000432278594553950289105215117798062355133980522182597717429653,0.000823840035565973838103655205837817647892299614066434159074247,0.00948030837579962138129153761152783715432041376807279921599412,0.0669781616085381057872948958675505326206962183060963173985675,0.278281438867651593437540406589371539928000635538646179777436,0.579333533903587188512200122113365053053847333700720720105141,-0.244329177811126283777857711604342351889650390265398651648631,0.581202365916341454759794319299623029123887673706132211557858,-0.414330413235992550856497317115235732438979112190312268418592,0.19940988273407067973765331784034081704731967500447357128907,0.0770501976369068495279289458176868395138083589804617967041154,-0.0257846793126617139744733142749507157285526133144171413199274,0.00778992647727185153025172166803187559567425131834977152704941,-0.00217849061698575637637489818162903459438952479550562214514024,-0.000572634776121903649771078293465490173293509628796509327134494,0.000142518113498464233113891931290349426325076590027581841379505,-0.0000333919352119692627728123942863614084173254074677858254973256,0.0000071486237182182257173685956904287014280908000216469413313083,-0.00000133046798723435124137465245734603998692940030006585726499854,0.000000204918238289172912966465575197503126191333331968928598761467,-0.000000024598471884167537445943053944441891014309221546423826482016,-0.00000000199602069711699134725632157131137393324611497480636953322558
10,0.00000000155423637735195688251797766239637957385106625850152905305661,0.000000144571416857770753221936480454653593841055241305975276109983,0.00000579810182722535576121666119341455572870010925442862844532431,0.000131446028065666146362666679764685765134435797987620498888013,0.00185303077664105531829344825028876266405846019446580722197479,0.0167816668209096883892272267642734675607386373449278183809095,0.0967450897082544175825380539443154359863604490160798277314163,0.333709352569062232523849041754291218575498134774137442143274,-0.567081641403359849910999242922580620177285568712482139577793,-0.103604208704108408161323769349573518911133519301166352076285,0.54847124288238509589800128102257300212434747554574975583606,-0.466494544015755062460130235961799838617454886885404626398598,-0.25526485325024320627184855520828168364052049936569632243926,0.110035235769763881896531651215259119953785108697361257652146,-0.0406033491143591459929546386132764391734943973679372857586097,0.013403535848981938065788815979603131509582855991548172674425,0.00406135593676130992113388743623112561089802572970582861440274,-0.00114521620076549083203412440192829210547558981341287816979502,0.000300194121139981453871973582532388621099890916185471865436633,-0.0000712827282944223018117312838220341706961734409439944517094571,0.0000146358914346198155813543847705069823660511079138658030612424,-0.00000247787412133860471307862947075071954889742278571571918847682,0.000000326018688394864351295690232299558820828888858754454005680258,0.0000000289238244601840007210601216350304271970753962051249538293586
11,0.000000000154017911677122380067973519304223392481164489845424686368621,0.0000000162511108619798105719382956277338108575076212513240236074046,0.000000747974157590162286882685532569994332438957321103618822775197,0.0000197601904605072700305448225158840231195092203376637189961663,0.00033147751774606813937450609197511819234387609984182754164926,0.0036816862873860877535397479567584217330040426307110622960413,0.0272897730706964280808217786306438935875602828930308877647392,0.131739204408413868205604921901072041642091078535175244954041,-0.383342399659852482646206356225014857238457986519630373208465,-0.531001260008469437206817056698717375343101875522491416016934,0.0308240674055668195894432301379921498877404441529996642160443,0.492444532679030411382781096517166114507046096139547237475073,0.507550638446891431354278649768918883844366879879739032356325,-0.315649006004111910768224116764779304474023130070428112015962,0.151305365639822599985802990992971719174914679866879442166758,-0.0613004258309129330398822394558090260809521137656877431556768,-0.0219965057275241000636827862097636416127042403762593978264948,0.00716836606058662450881133510353082006687581220125420135771922,-0.00213482385761256938779895322632257993251435269051048230227223,0.000569361377176125314836971052247464289398792062490091524159307,-0.000130348491604266842850025804525689818649363651001047006653074,0.0000244843245580352151272904189953924029570339029282248282983347,-0.00000355996438057559219224442387509851232798476730674758324172562,-0.000000347831683061274228767069955889878810752969086289351617251401
12,0.0000000000150799543663872820362893136614653276853772305576338466307247,0.00000000178830149088047802840453153454916644510166698637055392659228,0.000000093347010646306793263834826432447316612264162627494919602896,0.00000282953884227116342262651531180994492515712116410224746523138,0.0000553095596748004162302296713427009896513814657737240306344328,0.000731280543414690263646514924744504745377174537891373577250223,0.00665680330803186315980088287714191718034201162921852624892447,0.0414724957293793826426195937734326607208048291301806595160532,-0.170723284920758815660190556620292058106633119063152684136501,-0.423427288378043697870317597023295497170682417893962462751855,-0.472511186195666668112890703006857188158167362977320982127902,0.153020419552911821327069575366882664683224465222585555550659,-0.415089907068718026296980128285315544237989889308241969244483,0.533734365023998460365769004718741653536549495585250917871692,-0.377990170462174580244062518172337901290294017201425993526544,0.201002773063621366903286107113349502356501853366887062154239,0.0890383950134221115854842432617101996469986402696229792141024,-0.0345020080766892908828933730678529769754211030488899008690133,0.0119205360961907644249894922818443938089768147493468954068286,-0.00362977550948619273419083446854599202444322259806787114174639,0.000939200427411382214223951406280789131241207248082881680206917,-0.000198002718337398204434367569620462755992449987839100386669652,0.0000321331797958725098896101855881815837748630896463192308170305,0.00000348791487666879018259043725902943806145112234805964562069118
13,0.00000000000145876453854671901460269778764137380140292736369870550985749,0.000000000192992586877405774633001324116822409971075142578025028432077,0.0000000113184238089213680143416574396866009784834093597741457149068,0.000000388944294452529055636971681899265736380214792907679032639315,0.00000872041430151125702644010770194052321833104767105437000189325,0.000134337729556133952225820238177718117972887693003246766586529,0.00145634070793945593513062839794110387458587384173479492507308,0.0111609618180689121040680438585123269114878763458992242930523,-0.0595661599840703660565259518735323664247993676760755931586893,-0.211856610112585398840750806812479173897854916592270602118256,-0.450500240621086355235454263299490123551886215372641798892439,-0.394367129829830988296560841108858850529939267746903407876097,-0.257342429509219135043016796341980973939567228709586733698598,-0.319669380456304462805295476225074126441424832575965111902148,0.541654498887394596545930124292352078490891881973561357639592,-0.438859952665170026264674102531814340947340167013608784016977,-0.258426781255040456336699051293752670305877327427193489662491,0.124517063668182420297598753047408469000961811281632602164354,-0.0514477739098107955822165017859119724216338615230058575191859,0.0182921218146481759254237772580070274369270687392959540158401,-0.00544550565206216097911502979311364559456418623117154900030246,0.00130758629071859332660348322415721407952024791687683158823409,-0.000239808875680635351557100489958422675948905122397770359220239,-0.0000292261663572592714955174957961784955457987511343582488400766
14,0.000000000000139417789915848721987156497942515827357772722176670617024943,0.0000000000204551049172535252788482803321740785085420726873689314118205,0.00000000133772376285388433862078591914604055548148055913461816876866,0.000000051618958979431285498792344870332797481382727018647258110666,0.00000131127927328642397440563392567346568469157820948712537194695,0.000023159131523540126345109055303781408035003304253705776493455,0.000292484647536931017846193732772960312055594201016070991575079,0.00267090854215228491524777485856305691498654125721042138994406,-0.0175700412933312045419867652735854527042211618542049610791759,-0.0814729739021889570623994233173293025577450964903683967759472,-0.252749679958781287682489014805240257395850988006457307915024,-0.461683259158238965388177726154841229371183126396593632096112,0.300642956549698117823462678791470715319813428673003909937506,-0.338797668873242743389558694842639194383646148293921835008927,-0.210775362653694686653513869606754336503306588894628066376148,0.528651079272582276008133544154321688441769586936199695688208,0.494011016706569804248756884336647265345182472910541946255982,-0.321502949432396573822738082233655404019811465351717072326188,0.166798807069140136493791915119371506069846871834176964929734,-0.0715734607384862029925634359805541718560338097836075480731374,0.0251260658899827589389109684401540441540959966210316201955212,-0.00700698080496443726565806425929607017468152818961435278054717,0.00147546423564092382707755645575713313973516487899037357359523,0.000204580542210425223343699572439351863415804723102612872811571
15,0.0000000000000131644814294313926802030320136422644513375467819963809155769,0.00000000000213175591395203045016353620455433487225403084395701956701787,0.000000000154518306067098886247752715046785443359840320593239977012137,0.00000000664389579536973091358267045264483691924580155284290376490586,0.000000189366166021326530359119197092335601770448153662986928989192,0.00000378648581071911047133655535555312867934558159493208802548834,0.0000547941944481675120362566212993544097877032297964740080244991,0.000582822139767384792562560979905061012589842125284121616151183,-0.00457149563548072827138299355058584924896459290269027824594872,-0.0261925083317789970473479433935684414616985038339246558991715,-0.106668484475458153919954417114617145376161297112867906089316,-0.290585267248508481725272023397089675628528981234871895343461,0.454988696148450281166431929320092718356837140904802316560695,0.196623471070289573447482471893313280159727518696858075841015,-0.393442926686972277468479518805680483501529852070830757569911,-0.094302645847958512622022123633750299134635617108561255186835,-0.493294484474074929990473319794372374787842245967957247208378,0.538500057514177313072062010888521912527589531140849006690324,-0.385425334329349911480195565140186202195325849525169966183716,0.210744793446397875528661161420109009168698915540141198118611,-0.0905047007185275520944229187780654918052119499709198164144519,0.0301181762686388668012247016609918141490813211760061692218009,-0.00743651917531942072865674998763311650556747920577236693591747,-0.00119307205136027098116818772682166503574821876560966639942915
16,0.00000000000000122818861764500058298586370394148253674302194065586635414089,0.000000000000218675520691400868126280778254408865123267299479956276899816,0.0000000000174815751010372928052749980651682241890009318019361627173608,0.000000000832339041530832828090722589051200150997678868874394008779301,0.0000000264077722869222465797355815802443633278047760241909503084174,0.000000591843128794896680904233954580797098161014030601483228485412,0.00000968733087708186773882913251999137237147468885956422826838277,0.000117985508994887567380340518165198924559302886921198822240667,-0.00107776946808192845816862219525804239540518910950448014175683,-0.00736918053899128760632819369217118628342649024196017616516072,-0.0371921214138419376040610250742321147693869570517887038962911,-0.134134107044348236602903179376424674808902355049197347463245,0.322310685197384640219474399786968710060581575482370919212099,0.429612135270172395467306429410947774713806868251681570351185,0.0885951529717364396135668559925425330937328337444774423969061,-0.418831384788266056853152272320825234947301965890233341932257,-0.0226554186491760708534828166553981723780098637154388320113867,-0.436233838625486320047768464092969069408556855789419276748594,0.566994671044504194074222016162516830573537135663249510652993,-0.440808761680631277806051523228424116039680317143899355582069,0.246299758269156675936518307888056005850232668802844353221505,-0.101873503606597848968449528399832639362113059334305622147593,0.0303733003887744224337710077165263841789729715593905992036076,0.0057656904115826568241475525471219612409510286993280519501404
17,0.000000000000000113227370341389067611232180756231528204089635516471152920463,0.0000000000000221012814216563130395091281427754827844307671899245692299674,0.00000000000194094542417798983519335648014001350056540964705381865742745,0.00000000010180650917320084014393663033163302246491235666978537440472,0.00000000357210492524186155175159547485303704497984343215076644124056,0.0000000889958020589794611343280677499626413156746654524849137518771,0.0000016306044078995655557482585539819101511048926791543479551283,0.0000224381850542775759837715089237862019319160612732492914095615,-0.000234515864315587057344702655146890811648220114340718195647349,-0.00186714855262721754748694642488322788834672868200632996252294,-0.0112576129339046846915791411626761231013237188993741270491042,-0.0504993174694945861686273521845011343289748141279298480713414,0.162331522949788888040455269466079666223452448695481012049025,0.344902044205476209091282544530339525060193304094997287636885,0.386192037701409953571694763338054228247855997506492575715419,-0.0164825337010456082212102948804721833877176108633673682798508,0.414531934660138504084383232450683145022175845196678985376971,-0.131822170481651558639902396765406027247676265450939826384042,-0.362528529714204074833040516140467042929420456596483884278084,0.576386807453584370800032082057265838075295905241859544358817,-0.476842877304541269328279074945325909354098525076817421488548,0.262683989592325241382340851092375698488235823255205326992236,-0.0988263696466762512860129046013665240451985178049057895293868,-0.0228943986572792566452530254072214166458567476120331695237877
18,0.0000000000000000103169174425522141315267341434515899384445353872841081357415,0.000000000000002203068570865494236453395487161945376446385421755519040174,0.000000000000211873471827949693889615902784889920422566365879825977655817,0.0000000000121911006368558205885764770160135933961812453018771318519331,0.000000000470480928305151865397913087060206581160512035455944916938289,0.0000000129412770312633447314349448973967327465147558488588412964703,0.000000263151777166652671785246310597018461721832234275136187706832,0.00000404723204974164204975476413166749006064431299341317452827904,-0.0000477303995329959593383989142687081683428318550438697402405506,-0.000434425528292938682249851978127081574643564651337012293718134,-0.00304967260456383492137739881445236643570501365406527947190357,-0.0163646852086723596129838611490942317438587605723180862954786,0.0657204033495157766751692097261135124559590690258557228294876,0.189236556573567044033846977144654061308333053298417543725197,0.355697827056451163802985716696842966130079444476048963762431,0.327015258010638376262514289724213977467344666079464080285746,0.111427628570384376660492704559293382778388656295497521164572,0.382937045436724662022582777966899465180038855949746544974806,-0.223079065484608009680985014813247253721025694133783857867407,-0.287531136979685333520623097925621948816064042244486979123685,0.57317665144322888354137999350045621264038975425791190162977,-0.487550075544220578181195705878718991384790038704300015214804,0.249276133357439767102304514650966476626533496497567168094876,0.0737689446084229365275503003641666107242965680635757206326221
19,0.000000000000000000929403363949711546837057812116192020865667175256284293143973,0.000000000000000216831536797153018387528070615651258563146401963041342482901,0.0000000000000227814991545664420219917397180074763550380062618450313372336,0.00000000000143297776611294785076265645629749788101293786529754968018089,0.0000000000605457251912257945625472518678630050507703820674747372845313,0.00000000182794857247283827927620469252848265216058569479543948140087,0.0000000409520501665082231742221193896181799791136780176399774309259,0.000000697604173001976997535569050680358177439553039320805070521182,-0.00000917854826964102241669298496672514110049847839689812340586533,-0.0000941248442941256763499968642766080964478419242476432378524904,-0.000754650685001916396233755896771913950754572525451358982434734,-0.00471472791674204496756298014369476011965901037634544223925563,0.0226876600790720332829559112503176469459289291115021878801262,0.0820574946486762173311337121996100235777013371058450729190582,0.212450178252266091762112306856812737464699477161839851435669,0.3527986881921961598405087186527805989775600090329712506794,-0.25618514487233397457524384910501255364146557891163162227271,0.189291284090851182748779530736273111958867463080541929605939,0.331664070265344848385316616423473841164677578753103584561482,-0.284260833180773673987936444764023638455000608510605212295779,-0.240486303578957382299923796658799447004835403244679116238745,0.573329615783430906029762244411605540063388563687112870147171,-0.465204068512638902180296311375603298086976047102546560950134,-0.18943785376297459649008107312652995650651174903033032636922
20,8.28217524006078211693960541175470524286018992302425915947882e-20,0.0000000000000000211006913325594244541873754867031491342943733275186213562481,0.00000000000000241780860855997415385050895423269835227538914648902666378911,0.000000000000165775492880993254310668306828601802403087080473915345939546,0.00000000000763785093934309643720160631159986708284915019290292260500102,0.000000000251802237827704128455666241183753474362888580533252701010902,0.00000000617552938200573714190694693489400586216005751036414591470082,0.00000011560659922672662103098577581070887683486854317789013102329,-0.00000168072235436561534429313672952903672448158042735421550041749,-0.0000191884927979750947117995357565848349796929572387836490464497,-0.000173046143618199459328924886822987031682370940114389043721366,-0.00123347319066635876563059204095402671286160716267983792331239,0.006911053393389012402680289955843785547097489283112492224394,0.0300136063677113772136822684048587644084551747560534854856273,0.0982548178709294487649092839303747990525392289889427162099735,0.229403990002812436196681643787777785668742542904215472500856,-0.335560653806796131189561271866914531166823384140300502560898,-0.180089697685065338460436157237187733087335956463101582258594,0.243645149549956550673421866428338561313305333779195111429464,0.27976309719152895856493749842741204424982451199561920848667,-0.30565310698230814396400944426007921477675684645382460688566,-0.255647466006504621786354007709167052707693400285401399119302,0.584176599122651141600251575473375486202398593148342780233867,0.377686526100646655312068831693991769306173781364551644531236
21,7.30693391945116970936282456968612356646664738809959011880628e-21,0.00000000000000000203386465883413037625939251770998500849349441112772217031816,0.000000000000000253883671234339340900770271263810211190140239610712907190217,0.0000000000000189284844156068190348047054572592965140805411592667656078554,0.000000000000947538821126325265589843219977345761859064445937449724914468,0.0000000000339490725354733618876056488600683361062035583272354605207014,0.000000000906121272786719083059530050921194400102813215189221437120812,0.0000000185086663063116978537569236187838694711682218811257784207538,-0.000000294794060598871685112354553582983243243681366730551202140273,-0.00000370836884526918312702583977992458567448805611188844201981826,-0.0000371409027776632767560497285703623773263675133894713717588623,-0.000297211533508851073967209502695790313292565489615600244279873,0.00189780247526927032680749686346591637654627680798956112293539,0.00959813511420610032105891960672706195849647312965295965366937,0.0378269497781087960374396763169017162306785530124728424668088,0.112584653650536543407107415500654275162156656519962666735009,-0.237687779008384485013587038077110970446128789835206202778753,-0.305499709713672472279675802484530754871981020629951722703273,-0.109726026930442829887449879405853183310679157136560880286649,0.269836790135381049439199781747527778659841595833348209445792,0.260843658939970597090916731591192983464538718787989139127197,-0.275378898822908017101578531610372185569233827174208050528036,-0.366946324940721816096030552492756573340580887779647713775132,-0.561914393729300505798794691550185343907851707592965208966504
22,6.39045172136838498641268594869323737720510786457144070170696e-22,0.000000000000000000194619258052284071287240755369024126981498034777357020499016,0.0000000000000000264478768685421445427765651545047777460409182514792940503866,0.0000000000000021391559779611045288381450895120900261647223671522344406143,0.000000000000115920996947083075718050025121095972764926255147037746316435,0.00000000000449204912861496284630446004101289595830137584390963443894185,0.000000000129715524110290115449936010993333056845018103125632073851726,0.00000000287103405129830994055174342649874981316400616069024087609638,-0.0000000496908835128401095731930100462983469084928041833513209007408,-0.000000682210549971684718581368975660818561172888697041110697329706,-0.00000750283274586177014354878132079885459110491064887009757342792,-0.0000664855981982950865981077308283302394285034550210960320164982,0.000475555719350547616389983726251682520916017751440926709086355,0.0027377214945284085195430119314624721328539058304088200995835,0.0125702723375266791265177067951979252242327923722417061275986,0.0451919994437560003256602497778642999880428496492205699415078,-0.122863969213143187711043021497054175673321127807830977174467,-0.235667075614207406847454648322396038485382948701244679367042,-0.269290951213987265223529075626412471839129443701793039879196,-0.0667490533139154897022009802372963496801861910563637810917135,0.264804472012342703984641442724599126793634582463563015186225,0.309794647291911031070193229203590545314731853900671625355788,-0.130719131047758073085051987397874257200393489023478679848941,0.584844950910753986305023427939689839542502904511918541028062
23,5.54733153788336622940768825819794115378314447537971492884527e-23,1.85140740783316252016148171958886476030670734061469215316703e-20,0.00000000000000000273530519245645030381494504374904338203710579668110397006638,0.00000000000000023920003380337977169143504084675350038686143063588592020907,0.0000000000000139645705412214532394569639097046821321362544014341966471157,0.00000000000058181928307610863996532359102536404201650946408507442515945,0.0000000000180528068653670014934483650371334190398631415332384929360648,0.00000000042962414431606729048254994474253373368203851109472395875262,-0.00000000801065901854086475371136880650917612781749180928807763108217,-0.000000118874174872681191953653739381376787479064530793809546061615,-0.00000141998633898702837248581054970454083712471605503654871776223,-0.0000137596895827179947398015243666722436054874742934047118626729,0.000108615949032550408627467839190402774140725832093427657806712,0.000698764429575853162589810974252594941328594209315377565650905,0.00364845482714929849687404100956028980866831055163565672208999,0.0152991639720317413555334081406485896465262451506596743011752,-0.0504899769934244914748646000941892824574657974440114478769539,-0.126371194906307741569720779809871150461143282948284711881636,-0.224253220504241778206504153192691139729259645928174730941638,-0.246614424068395411674479022001823859546373030595375737711823,-0.0918279223519607559242240857998220730514756499306420418920847,0.193071149456164425397843688923816961818889900047492027245664,0.413390561179906830171960937449769426330443252884941755782497,-0.380565777132821534473973728263964857356423224524117791890858
24,4.73627154156507646172982449318024706451622333768214472146598e-24,1.71399743176060104508835065745214176811480459110919859736359e-21,0.000000000000000000272118320717764161721606431928287584072308549880956348943058,0.0000000000000000254233605471864170559579544906145055023922429621408239944819,0.0000000000000015800370261396689325654704132827727819611249659820865045677,0.0000000000000699486880586008475047670948783057205338489115218182295366056,0.00000000000230502090343938289589375252032447267005416781958322348639002,0.000000000058301761472555354619982435974464497607960119765192866874212,-0.00000000115762544289825273242852959606596760165585060999768318499751,-0.0000000183518941674067925475388057219790253974948823583582160671754,-0.000000235268778393547804413902658561783173588647311430151631602138,-0.00000246199408829517164523055483308163328558598474314765792344602,0.0000211630257636323330170722434462518260363072133736013898130779,0.00014990064021689384267902479185874802584858448098274600022456,0.000874541854187501214832458151256077741331061778787613003117586,0.00418175938141147262259448607956301819899130197957286507748556,-0.0162047562272760760361357196358797766703482989305494913762147,-0.0498587754499629566490985296723224399558494379338970948770954,-0.118096351652838976028681913037688100692444657301060974969624,-0.209164717687578246262994445583927710523529804425329086899358,-0.276987686834936662236861174749244656820300220427568956819141,-0.280732394688103636331001452552121312124636164106868732900365,-0.216353197927144287612992319914107083822609693288603283438708,0.113330288749345552872753675952725684341997593349386788119346
