mode,eigenvalue_120dps,independent_reference_decimal,eigenvalue_relative_difference,right_backward_error_120dps,left_backward_error_120dps,expected_sign_changes,right_sign_changes,left_sign_changes,right_matches_expected,left_matches_expected,right_sign_pattern,left_sign_pattern,right_change_locations,left_change_locations,right_min_component_over_max,left_min_component_over_max
1,0.849999999999999808443461542413072317110895262405940296974527,0.8499999999999998084434615424130723,2.013046501459522841541e-35,5.900358599175886389032e-121,1.430289986455656233532e-120,0,0,0,True,True,++++++++++++++++++++++++,++++++++++++++++++++++++,,,4.765196670285792756094e-24,9.42685920908261978961e-22
2,0.0158810231021752665303100561471919814474718628211172625012276,0.01588102310217526653031005614719198,9.1144748893593205643e-35,7.30087420071455032606e-122,4.748182402512711469325e-122,1,1,1,True,True,-+++++++++++++++++++++++,-+++++++++++++++++++++++,1,1,1.767661587990883983289e-21,1.956193004864424410318e-19
3,0.000296956870293829281484860320340691965067847694384647485061611,0.000296956870293829281484860320340692,1.176337569528231834849e-34,6.847054315914149498497e-123,5.59223429592051594889e-122,2,2,2,True,True,+-++++++++++++++++++++++,+-++++++++++++++++++++++,1;2,1;2,2.953480601832855099663e-19,2.042444042333240652282e-17
4,0.00000555802595153249851495157898177861344297844011874135759053621,0.000005558025951532498514951578981778613,7.970067861892587708526e-35,1.230863661000567854537e-123,4.565101588094129625015e-122,3,3,3,True,True,-+-+++++++++++++++++++++,-+-+++++++++++++++++++++,1;2;3,1;2;3,2.990781901059645756784e-17,1.421800513712244452389e-15
5,0.000000104138472009659154272005946936384651986072547770562328518132,0.0000001041384720096591542720059469363847,4.610584976489380650243e-34,1.858300217773465834091e-123,3.013453326715085981597e-122,4,4,4,True,True,+-+-++++++++++++++++++++,+-+-++++++++++++++++++++,1;2;3;4,1;2;3;4,2.085468248663228209546e-15,7.387708981794171145117e-14
6,0.00000000195347685007666003104463257378226873637210199173281541448402,0.000000001953476850076660031044632573782269,1.349531723388079414427e-34,7.00205854660072576861e-123,2.044543663533609884937e-122,5,5,5,True,True,-+-+-+++++++++++++++++++,-+-+-+++++++++++++++++++,1;2;3;4;5,1;2;3;4;5,1.081366720277239934844e-13,3.050568148499009320619e-12
7,0.0000000000366896743942381531229493730918892136333646722425462383496141,0.00000000003668967439423815312294937309188921,9.902962433520913911574e-35,2.581696345433859555161e-123,4.575536907514926760381e-123,6,6,6,True,True,+-+-+-++++++++++++++++++,+-+-+-++++++++++++++++++,1;2;3;4;5;6,1;2;3;4;5;6,4.060870026463723917943e-12,9.534048247230468275694e-11
8,0.000000000000689978943706823038173298956588070387212862743613082572535902,0.0000000000006899789437068230381732989565880704,1.853264852937347464607e-35,3.221454989525091635251e-123,8.553447568437834941057e-123,7,7,7,True,True,-+-+-+-+++++++++++++++++,-+-+-+-+++++++++++++++++,1;2;3;4;5;6;7,1;2;3;4;5;6;7,1.006359170678663775074e-10,2.059306099801837471438e-9
9,0.0000000000000129922354551269369041584055764572302212545781767341214028454,0.00000000000001299223545512693690415840557645723,1.702975434373178985062e-35,1.141466266111031815942e-123,1.23710633487830345839e-123,8,8,8,True,True,-+-+-+-+----------------,+-+-+-+-++++++++++++++++,1;2;3;4;5;6;7;8,1;2;3;4;5;6;7;8,1.962457942034378466248e-9,3.746846993263224860828e-8
10,0.000000000000000244942736568087666857176041666265864422181447350408004725162,0.0000000000000002449427365680876668571760416662659,1.452495348550982243758e-34,1.512253083141231878064e-124,1.684569259955755273636e-123,9,9,9,True,True,+-+-+-+-+---------------,+-+-+-+-+---------------,1;2;3;4;5;6;7;8;9,1;2;3;4;5;6;7;8;9,5.076818204010343977457e-9,7.9163367114489692957e-9
11,0.0000000000000000046230132143936882528494752820285725610650144144346825292877,0.000000000000000004623013214393688252849475282028573,9.494564805026887192759e-35,4.235364683478759562655e-124,2.995628439499209819247e-124,10,10,10,True,True,-+-+-+-+-++-------------,-+-+-+-+-++-------------,1;2;3;4;5;6;7;8;9;11,1;2;3;4;5;6;7;8;9;11,6.426417533606904856751e-10,1.067281544698073791929e-9
12,8.73323753251947057545146596693088496258333447515621368766274e-20,8.733237532519470575451465966930885e-20,4.284398012251176178297e-36,3.968484253940752650494e-124,6.772982236894980627051e-124,11,11,11,True,True,+-+-+-+-+-++------------,-+-+-+-+-+--++++++++++++,1;2;3;4;5;6;7;8;9;10;12,1;2;3;4;5;6;7;8;9;10;12,8.681154380161359312455e-11,1.337554796674435185041e-10
13,1.65072788530362271588785601380602073603179009188513476233505e-21,1.650727885303622715887856013806021e-21,1.599101900793070440121e-34,1.327718776917591455833e-123,4.046917206979434458255e-124,12,12,12,True,True,+-+-+-+-+-+--+++++++++++,+-+-+-+-+-+--+++++++++++,1;2;3;4;5;6;7;8;9;10;11;13,1;2;3;4;5;6;7;8;9;10;11;13,1.037184999933296366148e-11,1.670616596808141944043e-11
14,3.12046468420857883527473876460433993300639372053003031587745e-23,3.12046468420857883527473876460434e-23,2.146911215451267939315e-35,3.07282848222709328181e-123,1.367115725461024068345e-123,13,13,13,True,True,-+-+-+-+-+-+--++++++++++,-+-+-+-+-+-+--++++++++++,1;2;3;4;5;6;7;8;9;10;11;12;14,1;2;3;4;5;6;7;8;9;10;11;12;14,1.232397524237729960414e-12,2.165457681111007796741e-12
15,5.89524133703231080106688667987818163330485018323087801499873e-25,5.895241337032310801066886679878182e-25,6.220188943127559853274e-35,2.97086907963338267019e-123,1.764187677136980648913e-123,14,14,14,True,True,+-+-+-+-+-+-+--+++++++++,+-+-+-+-+-+-+--+++++++++,1;2;3;4;5;6;7;8;9;10;11;12;13;15,1;2;3;4;5;6;7;8;9;10;11;12;13;15,1.537829075779584706187e-13,2.684203354717413517617e-13
16,1.11184745094909333478722402276288688446360278500762693593735e-26,1.111847450949093334787224022762887e-26,1.039138931481727908674e-34,2.960726930771246378762e-123,8.703947143598302429108e-123,15,15,15,True,True,-+-+-+-+-+-+-+---+++++++,-+-+-+-+-+-+-+---+++++++,1;2;3;4;5;6;7;8;9;10;11;12;13;14;17,1;2;3;4;5;6;7;8;9;10;11;12;13;14;17,2.018155901667765204438e-14,3.144797468276148916698e-14
17,2.08890497449940451018079375246622528097665774490776452009891e-28,2.088904974499404510180793752466225e-28,1.345090663170268893913e-34,4.567210054769655308747e-123,4.854010217013586556671e-122,16,16,16,True,True,-+-+-+-+-+-+-+--++------,+-+-+-+-+-+-+-++--++++++,1;2;3;4;5;6;7;8;9;10;11;12;13;14;16;18,1;2;3;4;5;6;7;8;9;10;11;12;13;14;16;18,2.788662317721145167264e-15,3.748301597432337462398e-15
18,3.88425124131245215589340153424584105369470248135204781518539e-30,3.884251241312452155893401534245841e-30,1.382369448975424931053e-35,5.959555960188096017444e-122,1.087192133960949841638e-121,17,17,17,True,True,+-+-+-+-+-+-+-+--++-----,-+-+-+-+-+-+-+-++--+++++,1;2;3;4;5;6;7;8;9;10;11;12;13;14;15;17;19,1;2;3;4;5;6;7;8;9;10;11;12;13;14;15;17;19,3.307993117094346454638e-16,4.247706181743613504293e-16
19,6.98100919079478447945582898885867192529722521759976623709333e-32,6.981009190794784479455828988858672e-32,1.070085609984641195091e-35,3.869407830363330363059e-122,4.274920362154206024667e-122,18,18,18,True,True,-+-+-+-+-+-+-+-+--++----,+-+-+-+-+-+-+-+-++--++++,1;2;3;4;5;6;7;8;9;10;11;12;13;14;15;16;18;20,1;2;3;4;5;6;7;8;9;10;11;12;13;14;15;16;18;20,3.993964244382708380316e-17,4.321141380675157062928e-17
20,1.13602754199408715331391317432040977463120568917055103197615e-33,1.13602754199408715331391317432041e-33,1.983832134168472990191e-34,5.546714935456815908693e-122,8.826638579060845521933e-123,19,19,19,True,True,+-+-+-+-+-+-+-+-+--++---,-+-+-+-+-+-+-+-+-++--+++,1;2;3;4;5;6;7;8;9;10;11;12;13;14;15;16;17;19;21,1;2;3;4;5;6;7;8;9;10;11;12;13;14;15;16;17;19;21,4.700046788928539813922e-18,3.809320738937046534078e-18
21,1.50143991152345672919486376039018482673759455320889964098218e-35,1.501439911523456729194863760390185e-35,1.15397495508819936253e-34,8.567901542867012846488e-122,1.677505611356555735363e-122,20,20,20,True,True,-+-+-+-+-+-+-+-+-+--++--,+-+-+-+-+-+-+-+-+-++--++,1;2;3;4;5;6;7;8;9;10;11;12;13;14;15;16;17;18;20;22,1;2;3;4;5;6;7;8;9;10;11;12;13;14;15;16;17;18;20;22,4.995574117226952740337e-19,3.666081450628117125461e-19
22,1.43521660521835906286457168693595290542900928536252398061681e-37,1.435216605218359062864571686935953e-37,6.589318321066185148014e-35,4.207456926573620601786e-122,2.075346665085914858185e-122,21,21,21,True,True,+-+-+-+-+-+-+-+-+-+--++-,-+-+-+-+-+-+-+-+-+-++--+,1;2;3;4;5;6;7;8;9;10;11;12;13;14;15;16;17;18;19;21;23,1;2;3;4;5;6;7;8;9;10;11;12;13;14;15;16;17;18;19;21;23,4.403914713515583430978e-20,3.902302115676833775207e-20
23,8.70696519907949639814409799903728418349931160360956330728265e-40,8.706965199079496398144097999037284e-40,2.107500230080271583425e-35,4.022442194740673785622e-122,8.031323194877133803427e-122,22,22,22,True,True,-+-+-+-+-+-+-+-+-+-+--+-,-+-+-+-+-+-+-+-+-+-+--+-,1;2;3;4;5;6;7;8;9;10;11;12;13;14;15;16;17;18;19;20;22;23,1;2;3;4;5;6;7;8;9;10;11;12;13;14;15;16;17;18;19;20;22;23,2.985453218143720553426e-21,3.629097582612348213703e-21
24,2.52714192282934029587726801317386836090618102626001466896207e-42,2.527141922829340295877268013173868e-42,1.428119955456226538069e-34,1.821070227962753555005e-121,6.11530527188970715904e-122,23,23,23,True,True,-+-+-+-+-+-+-+-+-+-+-+-+,-+-+-+-+-+-+-+-+-+-+-+-+,1;2;3;4;5;6;7;8;9;10;11;12;13;14;15;16;17;18;19;20;21;22;23,1;2;3;4;5;6;7;8;9;10;11;12;13;14;15;16;17;18;19;20;21;22;23,1.39754113153344554368e-22,1.975266477959912482763e-22
