family,r,i,parameter
lower,1.0,1,0.08
upper,1.0,1,0.1584
lower,2.0,1,0.08199999999999999
upper,2.0,1,0.15651428571428574
lower,2.0,2,0.08199999999999999
upper,2.0,2,0.12805714285714287
lower,3.0,1,0.084
upper,3.0,1,0.15462857142857145
lower,3.0,2,0.0966
upper,3.0,2,0.14057142857142857
lower,3.0,3,0.084
upper,3.0,3,0.12651428571428572
lower,4.0,1,0.086
upper,4.0,1,0.15274285714285715
lower,4.0,2,0.09717172770881925
upper,4.0,2,0.14579999999999999
lower,4.0,3,0.09717172770881925
upper,4.0,3,0.1319142857142857
lower,4.0,4,0.086
upper,4.0,4,0.12497142857142857
lower,5.0,1,0.08800000000000001
upper,5.0,1,0.15085714285714286
lower,5.0,2,0.09733380951166244
upper,5.0,2,0.14684032157055835
lower,5.0,3,0.1012
upper,5.0,3,0.13714285714285712
lower,5.0,4,0.09733380951166244
upper,5.0,4,0.1274453927151559
lower,5.0,5,0.08800000000000001
upper,5.0,5,0.12342857142857142
lower,6.0,1,0.09
upper,6.0,1,0.1489714285714286
lower,6.0,2,0.09793510090594838
upper,6.0,2,0.14638497300953499
lower,6.0,3,0.10283926296998457
upper,6.0,3,0.13961354443810642
lower,6.0,4,0.10283926296998457
upper,6.0,4,0.13124359841903643
lower,6.0,5,0.09793510090594838
upper,6.0,5,0.12447216984760785
lower,6.0,6,0.09
upper,6.0,6,0.12188571428571429
lower,7.0,1,0.092
upper,7.0,1,0.1470857142857143
lower,7.0,2,0.09889999999999999
upper,7.0,2,0.14529428254203192
lower,7.0,3,0.10395115057222525
upper,7.0,3,0.1404
lower,7.0,4,0.10579999999999999
upper,7.0,4,0.1337142857142857
lower,7.0,5,0.10395115057222525
upper,7.0,5,0.12702857142857144
lower,7.0,6,0.09889999999999999
upper,7.0,6,0.1221342888865395
lower,7.0,7,0.092
upper,7.0,7,0.12034285714285714
lower,8.0,1,0.094
upper,8.0,1,0.14520000000000002
lower,8.0,2,0.10011776072155758
upper,8.0,2,0.14389278905631192
lower,8.0,3,0.10502382390279921
upper,8.0,3,0.1402300653845353
lower,8.0,4,0.10774648356176372
upper,8.0,4,0.13493727632822336
lower,8.0,5,0.10774648356176372
upper,8.0,5,0.12906272367177665
lower,8.0,6,0.10502382390279921
upper,8.0,6,0.12376993461546473
lower,8.0,7,0.10011776072155758
upper,8.0,7,0.12010721094368808
lower,8.0,8,0.094
upper,8.0,8,0.1188
lower,9.0,1,0.096
upper,9.0,1,0.14331428571428573
lower,9.0,2,0.1015106414260573
upper,9.0,2,0.14232254476643277
lower,9.0,3,0.10618233764908629
upper,9.0,3,0.13949830549203046
lower,9.0,4,0.10930386526816253
upper,9.0,4,0.13527153271881373
lower,9.0,5,0.1104
upper,9.0,5,0.13028571428571428
lower,9.0,6,0.10930386526816253
upper,9.0,6,0.12529989585261483
lower,9.0,7,0.10618233764908629
upper,9.0,7,0.12107312307939812
lower,9.0,8,0.1015106414260573
upper,9.0,8,0.1182488838049958
lower,9.0,9,0.096
upper,9.0,9,0.11725714285714285
lower,10.0,1,0.098
upper,10.0,1,0.14142857142857143
lower,10.0,2,0.10302769610688733
upper,10.0,2,0.14065319083867595
lower,10.0,3,0.10744897786239212
upper,10.0,3,0.13842057141152972
lower,10.0,4,0.11073057343563125
upper,10.0,4,0.13499999999999998
lower,10.0,5,0.11247667396927946
upper,10.0,5,0.13080404799857479
lower,10.0,6,0.11247667396927946
upper,10.0,6,0.1263388091442823
lower,10.0,7,0.11073057343563125
upper,10.0,7,0.12214285714285714
lower,10.0,8,0.10744897786239214
upper,10.0,8,0.11872228573132741
lower,10.0,9,0.10302769610688733
upper,10.0,9,0.11648966630418117
lower,10.0,10,0.098
upper,10.0,10,0.1157142857142857
lower,11.0,1,0.1
upper,11.0,1,0.13954285714285716
lower,11.0,2,0.10463525491562423
upper,11.0,2,0.13892197409242996
lower,11.0,3,0.1088167787843871
upper,11.0,3,0.13712010130007077
lower,11.0,4,0.11213525491562422
upper,11.0,4,0.13431361862908167
lower,11.0,5,0.1142658477444273
upper,11.0,5,0.13077724415721362
lower,11.0,6,0.11499999999999999
upper,11.0,6,0.12685714285714286
lower,11.0,7,0.1142658477444273
upper,11.0,7,0.1229370415570721
lower,11.0,8,0.11213525491562422
upper,11.0,8,0.11940066708520405
lower,11.0,9,0.1088167787843871
upper,11.0,9,0.11659418441421496
lower,11.0,10,0.10463525491562423
upper,11.0,10,0.11479231162185577
lower,11.0,11,0.1
upper,11.0,11,0.11417142857142858
lower,12.0,1,0.102
upper,12.0,1,0.13765714285714287
lower,12.0,2,0.10631050811967387
upper,12.0,2,0.13715022635551857
lower,12.0,3,0.11027180450707062
upper,12.0,3,0.13567054421085878
lower,12.0,4,0.11356296848762014
upper,12.0,4,0.1333379714705153
lower,12.0,5,0.11591736952892412
upper,12.0,5,0.13034147930556647
lower,12.0,6,0.11714426806077825
upper,12.0,6,0.1269238256903914
lower,12.0,7,0.11714426806077825
upper,12.0,7,0.12336188859532288
lower,12.0,8,0.11591736952892413
upper,12.0,8,0.11994423498014782
lower,12.0,9,0.11356296848762014
upper,12.0,9,0.116947742815199
lower,12.0,10,0.11027180450707062
upper,12.0,10,0.1146151700748555
lower,12.0,11,0.10631050811967387
upper,12.0,11,0.11313548793019572
lower,12.0,12,0.102
upper,12.0,12,0.11262857142857143
lower,13.0,1,0.10400000000000001
upper,13.0,1,0.13577142857142857
lower,13.0,2,0.10803757710359933
upper,13.0,2,0.13535085591305362
lower,13.0,3,0.11180000000000001
upper,13.0,3,0.1341177992695679
lower,13.0,4,0.11503086578651016
upper,13.0,4,0.13215628941350252
lower,13.0,5,0.11750999629903724
upper,13.0,5,0.1296
lower,13.0,6,0.11906844289010948
upper,13.0,6,0.12662313792812252
lower,13.0,7,0.1196
upper,13.0,7,0.12342857142857142
lower,13.0,8,0.11906844289010948
upper,13.0,8,0.1202340049290203
lower,13.0,9,0.11750999629903724
upper,13.0,9,0.11725714285714285
lower,13.0,10,0.11503086578651016
upper,13.0,10,0.11470085344364032
lower,13.0,11,0.11180000000000001
upper,13.0,11,0.11273934358757493
lower,13.0,12,0.10803757710359933
upper,13.0,12,0.1115062869440892
lower,13.0,13,0.10400000000000001
upper,13.0,13,0.11108571428571427
lower,14.0,1,0.106
upper,14.0,1,0.13388571428571427
lower,14.0,2,0.10980511906217216
upper,14.0,2,0.13353203469209993
lower,14.0,3,0.11338909843549592
upper,14.0,3,0.1324915504836648
lower,14.0,4,0.11654365026602864
upper,14.0,4,0.1308247308205968
lower,14.0,5,0.11908544346770913
upper,14.0,5,0.12862844520307062
lower,14.0,6,0.12086675825869808
upper,14.0,6,0.12603033376800343
lower,14.0,7,0.12178407109815906
upper,14.0,7,0.1231813893082505
lower,14.0,8,0.12178407109815906
upper,14.0,8,0.12024718212032091
lower,14.0,9,0.12086675825869808
upper,14.0,9,0.11739823766056799
lower,14.0,10,0.11908544346770913
upper,14.0,10,0.11480012622550077
lower,14.0,11,0.11654365026602864
upper,14.0,11,0.1126038406079746
lower,14.0,12,0.11338909843549592
upper,14.0,12,0.11093702094490664
lower,14.0,13,0.10980511906217216
upper,14.0,13,0.10989653673647147
lower,14.0,14,0.106
upper,14.0,14,0.10954285714285714
lower,15.0,1,0.10800000000000001
upper,15.0,1,0.132
lower,15.0,2,0.11160483913009231
upper,15.0,2,0.13169913494618188
lower,15.0,3,0.11502891657370445
upper,15.0,3,0.13081162641482902
lower,15.0,4,0.11810053479011148
upper,15.0,4,0.12938197778961635
lower,15.0,5,0.1206656700159821
upper,15.0,5,0.1274818776223048
lower,15.0,6,0.12259569566001921
upper,15.0,6,0.12520660486941068
lower,15.0,7,0.12379383217734558
upper,15.0,7,0.12267025120747577
lower,15.0,8,0.1242
upper,15.0,8,0.12
lower,15.0,9,0.12379383217734558
upper,15.0,9,0.11732974879252422
lower,15.0,10,0.12259569566001921
upper,15.0,10,0.11479339513058931
lower,15.0,11,0.1206656700159821
upper,15.0,11,0.11251812237769519
lower,15.0,12,0.11810053479011151
upper,15.0,12,0.11061802221038364
lower,15.0,13,0.11502891657370445
upper,15.0,13,0.10918837358517097
lower,15.0,14,0.11160483913009231
upper,15.0,14,0.10830086505381811
lower,15.0,15,0.10800000000000001
upper,15.0,15,0.108
diagonal retention,,1,0.838186692632826
diagonal retention,,2,0.13284363831652615
diagonal retention,,3,0.02105429780296286
diagonal retention,,4,0.0033368813259964793
diagonal retention,,5,0.0005288600497622436
diagonal retention,,6,8.38186692632826e-05
diagonal retention,,7,1.3284363831652594e-05
diagonal retention,,8,2.105429780296288e-06
diagonal retention,,9,3.3368813259964794e-07
diagonal retention,,10,5.288600497622447e-08
diagonal retention,,11,8.38186692632826e-09
diagonal retention,,12,1.328436383165265e-09
diagonal retention,,13,2.1054297802962793e-10
diagonal retention,,14,3.3368813259964795e-11
diagonal retention,,15,5.2886004976224464e-12
diagonal retention,,16,8.381866926328259e-13
