8.39899507623793729e-01,1.07999999999999999e-01,1.08981818181818180e-01,1.09963636363636361e-01,1.10945454545454542e-01,1.11927272727272722e-01,1.12909090909090917e-01,1.13890909090909070e-01,1.14872727272727265e-01,1.15854545454545446e-01,1.16836363636363627e-01,1.17818181818181808e-01,1.18800000000000003e-01,1.19781818181818184e-01,1.20763636363636365e-01,1.21745454545454546e-01,1.22727272727272740e-01,1.23709090909090921e-01,1.24690909090909074e-01,1.25672727272727269e-01,1.26654545454545464e-01,1.27636363636363631e-01,1.28618181818181826e-01,1.58400000000000013e-01
1.08000000000000013e-01,1.53142908815623261e-02,1.08122142697428800e-01,1.09117066722437525e-01,1.10114062456728487e-01,1.11113582478053696e-01,1.12116209035266354e-01,1.13122701113056515e-01,1.14134062633442737e-01,1.15151643350633978e-01,1.16177291603186697e-01,1.17213591679232690e-01,1.18264243728579452e-01,1.19334692748288645e-01,1.20433211455853603e-01,1.21572851742909091e-01,1.22775156869301863e-01,1.24077697255876127e-01,1.25550632631617559e-01,1.27336891823387088e-01,1.29762581673613292e-01,1.33690909090909110e-01,1.41818181818181815e-01,1.57200000000000006e-01
1.06727272727272726e-01,1.10305500380027233e-01,2.79232816636144638e-04,1.08486084316626027e-01,1.09519791115389634e-01,1.10561636746357383e-01,1.11613380184126712e-01,1.12677277225135250e-01,1.13756257485654461e-01,1.14854179006766227e-01,1.15976201613361696e-01,1.17129346209547042e-01,1.18323352685156508e-01,1.19572031077730970e-01,1.20895453366628422e-01,1.22323628365773429e-01,1.23902894563239885e-01,1.25707500996312893e-01,1.27861502701926394e-01,1.30581818181818216e-01,1.34264164550659787e-01,1.39636363636363614e-01,1.47763636363636375e-01,1.56000000000000000e-01
1.05454545454545454e-01,1.09113303915784027e-01,1.12564067420831179e-01,5.09138597990378176e-06,1.09084416055745773e-01,1.10180995163217985e-01,1.11295338468098470e-01,1.12431214485127287e-01,1.13593429523844436e-01,1.14788185024483028e-01,1.16023584542498670e-01,1.17310364908159756e-01,1.18662969280229721e-01,1.20101151378287876e-01,1.21652420319012453e-01,1.23355838311922247e-01,1.25268021733125623e-01,1.27472727272727293e-01,1.30096064114915866e-01,1.33329259991504828e-01,1.37454545454545468e-01,1.42826744540249240e-01,1.49510145599113964e-01,1.54800000000000021e-01
1.04181818181818181e-01,1.07929054265181831e-01,1.11446035110341832e-01,1.14729723210630574e-01,9.28336844810717548e-08,1.09904957606025824e-01,1.11085908660100860e-01,1.12297101450546097e-01,1.13544776993259003e-01,1.14836829107393068e-01,1.16183342674868101e-01,1.17597339641712026e-01,1.19095823897019670e-01,1.20701258550618487e-01,1.22443668560617336e-01,1.24363636363636357e-01,1.26516521828375111e-01,1.28978173820318870e-01,1.31851775361487372e-01,1.35272727272727267e-01,1.39398012735767934e-01,1.44327272727272748e-01,1.49754017267521966e-01,1.53599999999999987e-01
1.02909090909090908e-01,1.06753982733568925e-01,1.10342632456476450e-01,1.13673356950781998e-01,1.16758381242780679e-01,1.69268113011813924e-09,1.10931005107748892e-01,1.12214317333842462e-01,1.13542258964411627e-01,1.14923692626140869e-01,1.16369695908625573e-01,1.17894220016332957e-01,1.19514965778515558e-01,1.21254545454545462e-01,1.23142005685541248e-01,1.25214765648211435e-01,1.27520914318657891e-01,1.30121444134792652e-01,1.33090909090909093e-01,1.36511861002148988e-01,1.40449390430538668e-01,1.44865770025346396e-01,1.49358458277473377e-01,1.52399999999999980e-01
1.01636363636363636e-01,1.05589587324349518e-01,1.09255985341480469e-01,1.12635849723152826e-01,1.15745514747727624e-01,1.18608743889913631e-01,3.08634675470863829e-11,1.12141671192656570e-01,1.13541014399310608e-01,1.15000151099262857e-01,1.16530348159872635e-01,1.18145454545454553e-01,1.19862555172985247e-01,1.21702769655889026e-01,1.23692183089977939e-01,1.25862821431980521e-01,1.28253396550867232e-01,1.30909090909090892e-01,1.33878555865207360e-01,1.37203644361499288e-01,1.40890909090909094e-01,1.44837953549141668e-01,1.48649575471396650e-01,1.51200000000000029e-01
1.00363636363636349e-01,1.04437708557985343e-01,1.08188638212427149e-01,1.11619577896642980e-01,1.14752239445353663e-01,1.17616219920132617e-01,1.20243143104538985e-01,5.62748418518478888e-13,1.13512310190532817e-01,1.15036363636363631e-01,1.16634879712273154e-01,1.18320918219732493e-01,1.20110149490277138e-01,1.22021318851822963e-01,1.24076675197759514e-01,1.26302200341565585e-01,1.28727272727272718e-01,1.31382967085496377e-01,1.34297267499523892e-01,1.37483478171624929e-01,1.40913796448692563e-01,1.44460741800396475e-01,1.47770297676152684e-01,1.50000000000000022e-01
9.90909090909090906e-02,1.03300632484170068e-01,1.07143657038144144e-01,1.10627272727272727e-01,1.13780287755577622e-01,1.16639689084223563e-01,1.19243684005692727e-01,1.21628307231865143e-01,1.02608620389754808e-14,1.15015019843977356e-01,1.16666961414036013e-01,1.18406192359636994e-01,1.20246560722155227e-01,1.22204084481378525e-01,1.24296996944914945e-01,1.26545454545454517e-01,1.28970526931161678e-01,1.31591724022564915e-01,1.34421597988152175e-01,1.37454545454545440e-01,1.40644161688077779e-01,1.43858189816044757e-01,1.46790784620727283e-01,1.48800000000000016e-01
9.78181818181818180e-02,1.02181232858973070e-01,1.06124761490878058e-01,1.09662061246775702e-01,1.12831394193161294e-01,1.15679176385882848e-01,1.18251723365567357e-01,1.20591552146039963e-01,1.22736038324743196e-01,1.87091222859528708e-16,1.16619209317902844e-01,1.18396382872456268e-01,1.20270473445326626e-01,1.22254749159450157e-01,1.24363636363636357e-01,1.26612093964175970e-01,1.29014233893149532e-01,1.31580544182749309e-01,1.34312539769004174e-01,1.37192695075746274e-01,1.40165761499169345e-01,1.43104546633371604e-01,1.45748606725964597e-01,1.47600000000000009e-01
9.65454545454545454e-02,1.01083170794595376e-01,1.05136494649353943e-01,1.08727493689822360e-01,1.11907159949047957e-01,1.14734031494691122e-01,1.17264447055757143e-01,1.19548648655343273e-01,1.21629715194204027e-01,1.23543786172554876e-01,3.41132407180953205e-18,1.18292221940720574e-01,1.20185995594026193e-01,1.22181818181818169e-01,1.24290705386004396e-01,1.26523188245894175e-01,1.28887772057267952e-01,1.31388139435020007e-01,1.34018181818181814e-01,1.36753286903926963e-01,1.39535212258075719e-01,1.42246150740450800e-01,1.44665307251711367e-01,1.46400000000000002e-01
9.52727272727272728e-02,1.00011180483727993e-01,1.04184439590324904e-01,1.07827535340892663e-01,1.11008807542226556e-01,1.13802499001354182e-01,1.16277373960236144e-01,1.18492857713818567e-01,1.20498530348668781e-01,1.22334982303201750e-01,1.24035107358471119e-01,6.22003092664829091e-20,1.19999999999999996e-01,1.21995822587791958e-01,1.24093162918309727e-01,1.26298893823299313e-01,1.28617123236995590e-01,1.31046535736105668e-01,1.33575943312393475e-01,1.36176903375707620e-01,1.38791576174315728e-01,1.41313010951207130e-01,1.43553938089602345e-01,1.45200000000000023e-01
9.40000000000000002e-02,9.89714867172832996e-02,1.03275491027870217e-01,1.06966477638181776e-01,1.10136743542323098e-01,1.12881033436118300e-01,1.15283534905476728e-01,1.17414527909949745e-01,1.19330900519542801e-01,1.21077979205777633e-01,1.22691598971236895e-01,1.24200000000000005e-01,1.13412809554440253e-21,1.21707778059279417e-01,1.23785435309361896e-01,1.25957444003999330e-01,1.28224536325722061e-01,1.30581818181818188e-01,1.33014870892757930e-01,1.35493569449197021e-01,1.37962362364567492e-01,1.40325199244998394e-01,1.42422771957130906e-01,1.43999999999999989e-01
9.27272727272727415e-02,9.79724290514641660e-02,1.02418181818181811e-01,1.06148676314341703e-01,1.09289781933667271e-01,1.11963195774432339e-01,1.14272222780351720e-01,1.16299832760007424e-01,1.18110941496497535e-01,1.19755715849804226e-01,1.21272727272727268e-01,1.22691598971236895e-01,1.24035107358471119e-01,2.06791019573963248e-23,1.23380790682097147e-01,1.25514856767782151e-01,1.27728756651363184e-01,1.30015106385581919e-01,1.32357576818647127e-01,1.34725748234222814e-01,1.37067324548410363e-01,1.39296525659365567e-01,1.41277253851358753e-01,1.42800000000000010e-01
9.14545454545454412e-02,9.70254181944879279e-02,1.01623035526123923e-01,1.05377926000229577e-01,1.08463757257896309e-01,1.11037852298131859e-01,1.13227067310387050e-01,1.15128912948615880e-01,1.16816783760425216e-01,1.18345454545454531e-01,1.19755715849804226e-01,1.21077979205777633e-01,1.22334982303201750e-01,1.23543786172554876e-01,3.77051992137728942e-25,1.24984980156022649e-01,1.27145454545454534e-01,1.29363485264373496e-01,1.31621761919313685e-01,1.33890443619879645e-01,1.36120905884607901e-01,1.38236730084142806e-01,1.40121083922093298e-01,1.41600000000000004e-01
9.01818181818181824e-02,9.61464399661675767e-02,1.00902831236431678e-01,1.04656068998395038e-01,1.07649017588628521e-01,1.10086189769071502e-01,1.12123033184195128e-01,1.13873120899337515e-01,1.15418181818181795e-01,1.16816783760425216e-01,1.18110941496497535e-01,1.19330900519542801e-01,1.20498530348668781e-01,1.21629715194204027e-01,1.22736038324743224e-01,6.87496996087790222e-27,1.26487689809467174e-01,1.28640803782507585e-01,1.30821377399224725e-01,1.33000677552195523e-01,1.35133843203428278e-01,1.37152833423436454e-01,1.38956846457466310e-01,1.40399999999999997e-01
8.89090909090909098e-02,9.53584813396295833e-02,1.00272422754699858e-01,1.03979963649033377e-01,1.06825811134498697e-01,1.09076685444785590e-01,1.10921683967620005e-01,1.12490909090909086e-01,1.13873120899337515e-01,1.15128912948615880e-01,1.16299832760007424e-01,1.17414527909949745e-01,1.18492857713818595e-01,1.19548648655343273e-01,1.20591552146039963e-01,1.21628307231865143e-01,1.25354627341973944e-28,1.27858328807343435e-01,1.29967500847975703e-01,1.32066534913090255e-01,1.34114240060327267e-01,1.36049995502137477e-01,1.37786389796034414e-01,1.39199999999999990e-01
8.76363636363636372e-02,9.46955222298677957e-02,9.97470444582325699e-02,1.03334839402824688e-01,1.05955604272105333e-01,1.07956482330521145e-01,1.09563636363636349e-01,1.10921683967620005e-01,1.12123033184195128e-01,1.13227067310387050e-01,1.14272222780351720e-01,1.15283534905476728e-01,1.16277373960236144e-01,1.17264447055757143e-01,1.18251723365567357e-01,1.19243684005692727e-01,1.20243143104538985e-01,2.28565109163598145e-30,1.29068994892251099e-01,1.31095909521717319e-01,1.33068297895537868e-01,1.34932074361327814e-01,1.36611063692006374e-01,1.38000000000000012e-01
8.63636363636363646e-02,9.42090909090909090e-02,9.93358798616418154e-02,1.02679388585243586e-01,1.04964317266321994e-01,1.06636363636363640e-01,1.07956482330521145e-01,1.09076685444785590e-01,1.10086189769071502e-01,1.11037852298131859e-01,1.11963195774432339e-01,1.12881033436118300e-01,1.13802499001354182e-01,1.14734031494691122e-01,1.15679176385882848e-01,1.16639689084223563e-01,1.17616219920132645e-01,1.18608743889913631e-01,4.16753734861723191e-32,1.30095042393974181e-01,1.32000823018600194e-01,1.33801999617278955e-01,1.35431872067400844e-01,1.36800000000000005e-01
8.50909090909090920e-02,9.39781271319706651e-02,9.90206612170208972e-02,1.01911084065188520e-01,1.03709090909090904e-01,1.04964317266321994e-01,1.05955604272105333e-01,1.06825811134498724e-01,1.07649017588628521e-01,1.08463757257896309e-01,1.09289781933667271e-01,1.10136743542323098e-01,1.11008807542226556e-01,1.11907159949047957e-01,1.12831394193161322e-01,1.13780287755577636e-01,1.14752239445353663e-01,1.15745514747727624e-01,1.16758381242780679e-01,7.59887089314578215e-34,1.30915583944254205e-01,1.32662027066428517e-01,1.34249573906907865e-01,1.35599999999999998e-01
8.38181818181818056e-02,9.41161629162355767e-02,9.86841412338235746e-02,1.00781818181818181e-01,1.01911084065188520e-01,1.02679388585243586e-01,1.03334839402824688e-01,1.03979963649033377e-01,1.04656068998395038e-01,1.05377926000229577e-01,1.06148676314341703e-01,1.06966477638181789e-01,1.07827535340892663e-01,1.08727493689822360e-01,1.09662061246775702e-01,1.10627272727272727e-01,1.11619577896643007e-01,1.12635849723152826e-01,1.13673356950781998e-01,1.14729723210630574e-01,1.38553860518747296e-35,1.31513915683373978e-01,1.33064751459380654e-01,1.34399999999999992e-01
8.25454545454545469e-02,9.47064830312170647e-02,9.78545454545454441e-02,9.86841412338235746e-02,9.90206612170208972e-02,9.93358798616418154e-02,9.97470444582325699e-02,1.00272422754699886e-01,1.00902831236431678e-01,1.01623035526123923e-01,1.02418181818181811e-01,1.03275491027870217e-01,1.04184439590324904e-01,1.05136494649353943e-01,1.06124761490878058e-01,1.07143657038144144e-01,1.08188638212427149e-01,1.09255985341480469e-01,1.10342632456476450e-01,1.11446035110341832e-01,1.12564067420831179e-01,2.52631904589462315e-37,1.31877857302571205e-01,1.33200000000000013e-01
8.12727272727272743e-02,9.49272727272727213e-02,9.47064830312170647e-02,9.41161629162355767e-02,9.39781271319706651e-02,9.42090909090909090e-02,9.46955222298677957e-02,9.53584813396295833e-02,9.61464399661675767e-02,9.70254181944879279e-02,9.79724290514641660e-02,9.89714867172832996e-02,1.00011180483727993e-01,1.01083170794595376e-01,1.02181232858973070e-01,1.03300632484170068e-01,1.04437708557985343e-01,1.05589587324349518e-01,1.06753982733568925e-01,1.07929054265181831e-01,1.09113303915784027e-01,1.10305500380027233e-01,4.60635878188782217e-39,1.32000000000000006e-01
8.00000000000000017e-02,8.12727272727272743e-02,8.25454545454545469e-02,8.38181818181818056e-02,8.50909090909090920e-02,8.63636363636363646e-02,8.76363636363636372e-02,8.89090909090909098e-02,9.01818181818181824e-02,9.14545454545454412e-02,9.27272727272727415e-02,9.40000000000000002e-02,9.52727272727272728e-02,9.65454545454545454e-02,9.78181818181818180e-02,9.90909090909090906e-02,1.00363636363636349e-01,1.01636363636363636e-01,1.02909090909090908e-01,1.04181818181818181e-01,1.05454545454545454e-01,1.06727272727272726e-01,1.08000000000000013e-01,8.39899507623793639e-41
